{
    "name": "root",
    "gauges": {
        "ListeningAgent.Policy.Entropy.mean": {
            "value": 0.5560616254806519,
            "min": 0.5560616254806519,
            "max": 0.9060508012771606,
            "count": 601
        },
        "ListeningAgent.Policy.Entropy.sum": {
            "value": 5532.2568359375,
            "min": 269.0970764160156,
            "max": 9716.3935546875,
            "count": 601
        },
        "ListeningAgent.Environment.EpisodeLength.mean": {
            "value": 61.09316770186335,
            "min": 50.26424870466321,
            "max": 79.4047619047619,
            "count": 601
        },
        "ListeningAgent.Environment.EpisodeLength.sum": {
            "value": 9836.0,
            "min": 74.0,
            "max": 11342.0,
            "count": 601
        },
        "ListeningAgent.IsTraining.mean": {
            "value": 1.0,
            "min": 1.0,
            "max": 1.0,
            "count": 601
        },
        "ListeningAgent.IsTraining.sum": {
            "value": 1.0,
            "min": 1.0,
            "max": 1.0,
            "count": 601
        },
        "ListeningAgent.Step.mean": {
            "value": 9999930.0,
            "min": 4009949.0,
            "max": 9999930.0,
            "count": 600
        },
        "ListeningAgent.Step.sum": {
            "value": 9999930.0,
            "min": 4009949.0,
            "max": 9999930.0,
            "count": 600
        },
        "ListeningAgent.Policy.ExtrinsicValueEstimate.mean": {
            "value": 0.27703556418418884,
            "min": 0.15098567306995392,
            "max": 0.29385140538215637,
            "count": 600
        },
        "ListeningAgent.Policy.ExtrinsicValueEstimate.sum": {
            "value": 44.32569122314453,
            "min": 20.012615203857422,
            "max": 53.425880432128906,
            "count": 600
        },
        "ListeningAgent.Environment.CumulativeReward.mean": {
            "value": 0.35118124447762966,
            "min": 0.07951772255254975,
            "max": 0.5834110379219055,
            "count": 600
        },
        "ListeningAgent.Environment.CumulativeReward.sum": {
            "value": 56.188999116420746,
            "min": 11.211998879909515,
            "max": 95.0959991812706,
            "count": 600
        },
        "ListeningAgent.Policy.ExtrinsicReward.mean": {
            "value": 0.35118124447762966,
            "min": 0.07951772255254975,
            "max": 0.5834110379219055,
            "count": 600
        },
        "ListeningAgent.Policy.ExtrinsicReward.sum": {
            "value": 56.188999116420746,
            "min": 11.211998879909515,
            "max": 95.0959991812706,
            "count": 600
        },
        "ListeningAgent.Losses.PolicyLoss.mean": {
            "value": 0.0242448660149239,
            "min": 0.02295317159810414,
            "max": 0.028348136906667303,
            "count": 58
        },
        "ListeningAgent.Losses.PolicyLoss.sum": {
            "value": 0.0242448660149239,
            "min": 0.02295317159810414,
            "max": 0.028348136906667303,
            "count": 58
        },
        "ListeningAgent.Losses.ValueLoss.mean": {
            "value": 0.10499975512425105,
            "min": 0.09688286140561103,
            "max": 0.1169872562835614,
            "count": 58
        },
        "ListeningAgent.Losses.ValueLoss.sum": {
            "value": 0.10499975512425105,
            "min": 0.09688286140561103,
            "max": 0.1169872562835614,
            "count": 58
        },
        "ListeningAgent.Policy.LearningRate.mean": {
            "value": 0.00025000000000000006,
            "min": 0.00025000000000000006,
            "max": 0.00025000000000000006,
            "count": 58
        },
        "ListeningAgent.Policy.LearningRate.sum": {
            "value": 0.00025000000000000006,
            "min": 0.00025000000000000006,
            "max": 0.00025000000000000006,
            "count": 58
        },
        "ListeningAgent.Policy.Epsilon.mean": {
            "value": 0.19999999999999998,
            "min": 0.19999999999999998,
            "max": 0.19999999999999998,
            "count": 58
        },
        "ListeningAgent.Policy.Epsilon.sum": {
            "value": 0.19999999999999998,
            "min": 0.19999999999999998,
            "max": 0.19999999999999998,
            "count": 58
        },
        "ListeningAgent.Policy.Beta.mean": {
            "value": 0.0010000000000000002,
            "min": 0.0010000000000000002,
            "max": 0.0010000000000000002,
            "count": 58
        },
        "ListeningAgent.Policy.Beta.sum": {
            "value": 0.0010000000000000002,
            "min": 0.0010000000000000002,
            "max": 0.0010000000000000002,
            "count": 58
        }
    },
    "metadata": {
        "timer_format_version": "0.1.0",
        "start_time_seconds": "1764996249",
        "python_version": "3.9.13 (tags/v3.9.13:6de2ca5, May 17 2022, 16:36:42) [MSC v.1929 64 bit (AMD64)]",
        "command_line_arguments": "D:\\python_env\\train_env\\Scripts\\mlagents-learn configuration.yaml --run-id=AudioRL_Run5 --resume",
        "mlagents_version": "0.30.0",
        "mlagents_envs_version": "0.30.0",
        "communication_protocol_version": "1.5.0",
        "pytorch_version": "2.7.1+cu118",
        "numpy_version": "1.21.2",
        "end_time_seconds": "1765009834"
    },
    "total": 13585.333400399999,
    "count": 1,
    "self": 0.6979974999994738,
    "children": {
        "run_training.setup": {
            "total": 0.36240190000000005,
            "count": 1,
            "self": 0.36240190000000005
        },
        "TrainerController.start_learning": {
            "total": 13584.273001,
            "count": 1,
            "self": 99.924192401033,
            "children": {
                "TrainerController._reset_env": {
                    "total": 6.3757839,
                    "count": 1,
                    "self": 6.3757839
                },
                "TrainerController.advance": {
                    "total": 13477.862821898967,
                    "count": 5299042,
                    "self": 45.83355749889779,
                    "children": {
                        "env_step": {
                            "total": 13432.02926440007,
                            "count": 5299042,
                            "self": 3006.527331597652,
                            "children": {
                                "SubprocessEnvManager._take_step": {
                                    "total": 10373.619318601244,
                                    "count": 6083605,
                                    "self": 248.36065790247812,
                                    "children": {
                                        "TorchPolicy.evaluate": {
                                            "total": 10125.258660698766,
                                            "count": 6000150,
                                            "self": 10125.258660698766
                                        }
                                    }
                                },
                                "workers": {
                                    "total": 51.88261420117266,
                                    "count": 5299042,
                                    "self": 0.0,
                                    "children": {
                                        "worker_root": {
                                            "total": 54157.29214010492,
                                            "count": 6083603,
                                            "is_parallel": true,
                                            "self": 27387.722069305335,
                                            "children": {
                                                "steps_from_proto": {
                                                    "total": 0.0013940999999997317,